Pattern,Mean,SD,SE
0.111111111111111,0.351666666666667,0.0105686284083011,0.00236321715498966
0.222222222222222,0.495166666666667,0.0108942283125661,0.00243602350693006
0.333333333333333,0.596166666666667,0.00956816114006968,0.00213950587288677
0.444444444444444,0.684333333333333,0.0124299205136882,0.0027794147223526
0.555555555555556,0.755833333333333,0.011438879019221,0.00255781110733743
0.666666666666667,0.832166666666667,0.0119587497635176,0.00267405773971349
0.777777777777778,0.886833333333333,0.0114695120908581,0.00256466087039144
0.888888888888889,0.941,0.00879260720835791,0.00196608674173429
